{"cameraMode":{"drawMode":0,"name":"Shaded","section":"Shading Mode"},"sceneLighting":false,"audioPlay":false,"sceneViewState":{"showFog":false,"showMaterialUpdate":false,"showSkybox":false,"showFlares":false,"showImageEffects":false,"showParticleSystems":false},"in2DMode":false,"pivot":{"x":358.7037353515625,"y":167.678466796875,"z":20.24114990234375},"rotation":{"x":0.06834153831005097,"y":0.01047506183385849,"z":-0.0007170191965997219,"w":0.9976097941398621},"size":364.7391662597656,"orthographic":false}