{"cameraMode":{"drawMode":0,"name":"Shaded","section":"Shading Mode"},"sceneLighting":true,"audioPlay":false,"sceneViewState":{"showFog":true,"showMaterialUpdate":false,"showSkybox":true,"showFlares":true,"showImageEffects":true,"showParticleSystems":true},"in2DMode":false,"pivot":{"x":578.3073120117188,"y":460.5159912109375,"z":3.5780029296875},"rotation":{"x":-0.04677059128880501,"y":-0.03086429461836815,"z":0.0014459469821304083,"w":-0.9984338283538818},"size":1205.9998779296875,"orthographic":false}