{"cameraMode":{"drawMode":0,"name":"Shaded","section":"Shading Mode"},"sceneLighting":false,"audioPlay":false,"sceneViewState":{"showFog":true,"showMaterialUpdate":false,"showSkybox":true,"showFlares":true,"showImageEffects":true,"showParticleSystems":true},"in2DMode":false,"pivot":{"x":0.5490761995315552,"y":1.7812200784683228,"z":0.2376614809036255},"rotation":{"x":0.05844767019152641,"y":-0.025453627109527589,"z":0.0014907418517395855,"w":0.9979652762413025},"size":8.461873054504395,"orthographic":false}