{"cameraMode":{"drawMode":0,"name":"Shaded","section":"Shading Mode"},"sceneLighting":false,"audioPlay":false,"sceneViewState":{"showFog":true,"showMaterialUpdate":false,"showSkybox":true,"showFlares":true,"showImageEffects":true,"showParticleSystems":true},"in2DMode":false,"pivot":{"x":1.8613531589508057,"y":0.4257669448852539,"z":-1.580711841583252},"rotation":{"x":-0.0003558202588465065,"y":-0.9854142665863037,"z":0.17016758024692536,"w":-0.002061398234218359},"size":7.844587326049805,"orthographic":false}